"Post ID","Account ID","Account username","Account name",Description,"Duration (sec)","Publish time",Permalink,"Post type","Data comment",Date,Views,Reach,Likes,Shares,Follows,Comments,Saves
18101389360834274,17841401519683378,moataz_mashal,"Moataz Mashal","طيبتك الزايدة مرات ما بتكون كرم، 
بتكون رشوة وانت مش حاسس.
بتعطي أكتر من طاقتك، وبتسميه تضحية.
بس أول ما ينرفضلك طلب، بتطلع الحقيقة.
العطاء اللي بده مقابل… مش محبة.",59,"01/06/2026 07:04",https://www.instagram.com/reel/DTLG_7eE3wO/,"IG reel",,Lifetime,98074,64339,2631,888,74,68,740
17921640585212861,17841401519683378,moataz_mashal,"Moataz Mashal","تذكر إنه الله موجود",21,"01/07/2026 06:59",https://www.instagram.com/reel/DTNrKu4CMYh/,"IG reel",,Lifetime,96284,59999,2777,705,61,58,584
18101995426650625,17841401519683378,moataz_mashal,"Moataz Mashal","غير مصدر السؤال، رح تتغير النتائج",63,"01/08/2026 07:57",https://www.instagram.com/reel/DTQWoIfiC5j/,"IG reel",,Lifetime,60566,39811,1310,361,20,28,328
18035617616751700,17841401519683378,moataz_mashal,"Moataz Mashal","مش كل عصبية سببها لحظتها.
أحيانًا اللي بينفجر… وجع قديم ما انحكى.

صارت معك قبل هيك؟",68,"01/15/2026 08:02",https://www.instagram.com/reel/DTiYyWME2pO/,"IG reel",,Lifetime,80991,52940,2237,685,38,41,500
18152419756384960,17841401519683378,moataz_mashal,"Moataz Mashal","الفشل إنك تضل “إمكانية” وما تصير فعل.
الفعل ممكن يوجعك وتخسر، بس بدون تطبيق ما رح تكسب، ولا تتغيّر، ولا تتقدّم خطوة.
تحرّك… وكن فعل، مش مجرد احتمال.",0,"01/17/2026 07:49",https://www.instagram.com/reel/DTngwlYiK4z/,"IG reel",,Lifetime,87145,56452,2611,791,125,51,1005
18435922963111941,17841401519683378,moataz_mashal,"Moataz Mashal",".
جسمك ما بيكذب، جسمك بيعطيك إشارات، لما بتتعب بيوجعك… ولما بتمرض بيصرخ.... القوة إنك تسمعه وتعتني فيه.
جسمك مش عائق بطريقك… جسمك هو اللي رح يساعدك تمشي في طريقك.
متى آخر مرة اعتنيت بجسمك و كيف؟",0,"01/18/2026 06:32",https://www.instagram.com/reel/DTp8udbCGiy/,"IG reel",,Lifetime,71650,45646,2031,688,52,31,393
17885529030428539,17841401519683378,moataz_mashal,"Moataz Mashal","شارك  الفيديو مع الي مستني بكرة….",0,"01/19/2026 08:31",https://www.instagram.com/reel/DTsvVprkx09/,"IG reel",,Lifetime,55918,35233,1067,175,6,20,233
17855951928603406,17841401519683378,moataz_mashal,"Moataz Mashal","⁨	عمرك حسيت انه كل شي تمام و العلاقة ماشيه و فجأة اجاك شعور إنك.
 لازم تبعد بدون مبرر؟ 
هاد بيكون برنامجك الداخلي متعود إنه كل علاقة خطر..
اكسر هاد البرنامج و ثق بربنا و بالشخص الآخر و اعطي حالك الفرصة إنك تتقرب و اعطي الشخص الآخر الفرصة إنه يثبتلك إنه آمن.

عمرك هربت من علاقة بدون ما تعرف ليش بعدت؟⁩",69,"01/20/2026 08:00",https://www.instagram.com/reel/DTvQl81k3v-/,"IG reel",,Lifetime,61914,40089,1409,369,27,27,449
18102586543825741,17841401519683378,moataz_mashal,"Moataz Mashal","مريت بهاي المرحلة مع أطفالك؟",0,"01/21/2026 08:02",https://www.instagram.com/p/DTx1qZuiPcB/,"IG carousel",,Lifetime,266134,112175,2862,3836,61,13,1530
18077222300365113,17841401519683378,moataz_mashal,"Moataz Mashal","متى آخر مرة وقفت مع حالك واخدت قرار كان لازم تاخده من زمان؟",20,"01/22/2026 08:07",https://www.instagram.com/reel/DT0azKbCCmT/,"IG reel",,Lifetime,119789,78279,3787,686,176,49,781
17913841731274064,17841401519683378,moataz_mashal,"Moataz Mashal",".
اكبر كذبة،
انك لازم إتضلك مشغول عشان تنجح، علطول مشغول بدون راحة.",71,"01/25/2026 06:44",https://www.instagram.com/reel/DT7_ZHlCHzZ/,"IG reel",,Lifetime,438110,327791,12793,7317,1786,147,4403
18016794656640220,17841401519683378,moataz_mashal,"Moataz Mashal","⁨	اهم سؤال بحياتك "" لماذا أريد ما أريد""؟

متى آخر مرة سألت حالك ""ليش"" بسوي هاد الآشي، أو ""ليش"" بدي أوصل لهاد المكان اللي عم بسعى لأوصل له؟⁩",10,"01/26/2026 04:03",https://www.instagram.com/reel/DT-Rx9Gk3DG/,"IG reel",,Lifetime,82829,45362,917,190,3,12,282
17923648932228966,17841401519683378,moataz_mashal,"Moataz Mashal","ما في بعد الاهتمام، والاهتمام بالأمور الصغيرة قبل الكبيرة.",0,"01/27/2026 07:37",https://www.instagram.com/p/DUBPgHOk8OY/,"IG carousel",,Lifetime,167507,54768,1546,674,1,14,922
18104584207809164,17841401519683378,moataz_mashal,"Moataz Mashal","بطل تحلل و بلش حلّ",70,"01/28/2026 06:30",https://www.instagram.com/reel/DUD27c6E-Fz/,"IG reel",,Lifetime,90028,60276,2907,1014,178,69,922
17852715543584044,17841401519683378,moataz_mashal,"Moataz Mashal",".
اسأل نفسك بصدق، هل صلاتك اثرت على تصرفاتك؟ على افكارك؟ 
هل غنمت منها مرادها؟",0,"01/29/2026 10:02",https://www.instagram.com/p/DUGptj4CLiB/,"IG image",,Lifetime,30258,14538,569,1,2,14,14
18088181654321431,17841401519683378,moataz_mashal,"Moataz Mashal","مراثون دبي تايم - 42 كيلومتر 

النية = ان أكون افضل واقوى من معتز (ما قبل المارثون) نفسيا وبدنيا وروحانيا 👊🏻

الهدف = الاستمتاع ❤️💪🏼 والتحضير للFull Ironman في البرتغال شهر 10 -2026 

دعواتكم ❤️🙏🏼",0,"01/31/2026 05:27",https://www.instagram.com/p/DULT3fhCJEE/,"IG carousel",,Lifetime,137962,52182,1258,33,5,56,34
18550597219030997,17841401519683378,moataz_mashal,"Moataz Mashal",".
والله سويناها حبابيبي ❤️ 42 كيلو من اول محاولة ، اللهم لك الحمد كما ينبغي لجلال وجهك وعظيم سلطانك🙏🏼

شكراً يا الله انك سمحتلي بهيك مغامرة 🙏🏼 بحبك كثير كثير 💙

Full Ironman Portugal 2026 , يا ويلك مني 👊🏻💪🏼

شكراً للتنظيم الخرافي 

مش قادر اكتب اكثر ، أو امشي، أو آكل، أو احكي… 😂😂 

ولكم I love u allll ❤️💙❤️",0,"02/01/2026 04:10",https://www.instagram.com/p/DUNvyEbCP3I/,"IG carousel",,Lifetime,155155,57083,2116,22,1,134,40
18119142454595713,17841401519683378,moataz_mashal,"Moataz Mashal","زي ما بدك إياهم يوقفوا معك، وقف معهم من كل قلبك، مش لإشي ولكن لوجه الله وشوف كيف حترجع لحياتك أضعاف مضاعفة ... 💪",43,"02/02/2026 08:02",https://www.instagram.com/reel/DUQvEM4kxor/,"IG reel",,Lifetime,79525,54534,2465,357,65,34,480
17977852310985739,17841401519683378,moataz_mashal,"Moataz Mashal","⁨	⁨	⁨	عندك بوصلة ولا سايبها هيك كل يوم بيومه؟!⁩⁩⁩",70,"02/04/2026 07:59",https://www.instagram.com/reel/DUV4I6WCMVz/,"IG reel",,Lifetime,54591,37135,1316,203,30,34,315
17868764139456010,17841401519683378,moataz_mashal,"Moataz Mashal","⁨	ما تعلق سعادتك بحدا، السعادة الحقيقة بتيجي لما ترضى و تعلق قلبك بالله. ❤️⁩",31,"02/05/2026 07:57",https://www.instagram.com/reel/DUYc0oJCPNA/,"IG reel",,Lifetime,65905,40714,1522,548,35,20,397
17933540562171722,17841401519683378,moataz_mashal,"Moataz Mashal","كل واحد بحياتك هو رسول برسالة، هل وصلتك الرسالة؟",0,"02/06/2026 08:04",https://www.instagram.com/reel/DUbCbocCK1U/,"IG reel",,Lifetime,528881,382791,24640,12128,6854,392,7192
17938936875118532,17841401519683378,moataz_mashal,"Moataz Mashal","⁨	عندك هاد الصديق؟ سويله تاج و احكيله كلمة من قلبك 🌹🌹",0,"02/07/2026 07:58",https://www.instagram.com/p/DUdmueCiOEO/,"IG carousel",,Lifetime,302514,123998,6559,4825,62,245,2563
18143272567475257,17841401519683378,moataz_mashal,"Moataz Mashal","‏من أكبر المشاكل في العلاقات أن يعتقد طرف من الطرفين أن واجبه هو الاستقبال فقط، وأن العطاء مشروط. والعلاقة التي تبنى على طرف واحد للعطاء مصيرها التعب والإرهاق…..",0,"02/08/2026 08:12",https://www.instagram.com/reel/DUgM296CB0E/,"IG reel",,Lifetime,206249,128763,6356,2044,239,69,2071
18066363647639089,17841401519683378,moataz_mashal,"Moataz Mashal","⁨	التفكير في المستقبل اللي بيخليك مُحبط، بيكون جاي من القلق مش من التخطيط و التطوير لتكون أفضل، استخدم خيالك لصالحك مش ضدك

وخلي خيالك يوديك على شو ممكن يكون صح مش شو ممكن يكون غلط..⁩",26,"02/09/2026 08:02",https://www.instagram.com/reel/DUiwr3ZiKmO/,"IG reel",,Lifetime,54278,35333,1347,290,15,14,336
17849968326633616,17841401519683378,moataz_mashal,"Moataz Mashal","كمل الفيديو ليصلك PDF 
رائع عن شو هو التوتر وكيف بيزيد بحياتك وكيف تتخلص منه بتمرين بسيط.",95,"02/10/2026 07:58",https://www.instagram.com/reel/DUlUfYriM2a/,"IG reel",,Lifetime,276857,190227,9686,4259,1129,2340,4767
18093966686313258,17841401519683378,moataz_mashal,"Moataz Mashal","⁨أوقات بتحس إنك كبرت الموضوع؟!
اسمع الفيديو للآخر لتفهم ليش هيك بيصير معك وكيف ممكن تتعامل مع المواقف الجاية عشان ما تكبرها 🙂⁩",0,"02/11/2026 08:43",https://www.instagram.com/reel/DUn-m2dEzPw/,"IG reel",,Lifetime,102175,68005,3815,1453,117,57,1063
17861733897524141,17841401519683378,moataz_mashal,"Moataz Mashal","يمكن المشكلة مش بالوقت… يمكن بالفكرة اللي حبسيتك و عم تخليك تضيع كتيير وقت بدون أي تقدم..

شو المعتقد اللي مخليك واقف بمكانك من سنين ونفسك تتخلص منه؟",28,"02/12/2026 08:00",https://www.instagram.com/reel/DUqe4N7k6Os/,"IG reel",,Lifetime,151157,110398,6702,1563,844,61,1461
17893736568406928,17841401519683378,moataz_mashal,"Moataz Mashal","⁨	خطوات بسيطة للتخلص من شعور ""ما إلي خلق"".⁩
شاركنا ""شو الشي الصغير اللي لو سويته الصبح بيحسن يومك للأفضل؟""",0,"02/13/2026 08:00",https://www.instagram.com/p/DUtDpBdE4L9/,"IG carousel",,Lifetime,103868,36547,1364,843,11,26,882
18103076941884884,17841401519683378,moataz_mashal,"Moataz Mashal","بدنا نغيرها و بنضل نأجل لاننا عارفين إنه مع التغيير بيجي شعور عدم الراحة، فبنحكي بعدين او بنبدأ و نوقف.

ولكن لما يكون عندك الوعي و القناعة إنه هاد شعور عدم الارتياح طبيعي ولازم تمر فيه و تفكر ديماً في التحسن اللي رح يصير بحياتك بعد هاي الفترة رح تكمل بإذن الله.⁩⁩",45,"02/14/2026 08:00",https://www.instagram.com/reel/DUvofCxiAKr/,"IG reel",,Lifetime,47228,30854,1411,233,14,22,324
18071342156424242,17841401519683378,moataz_mashal,"Moataz Mashal","⁨	بتعرف انت عن جد من وين بتستمد قيمتك؟ إذا من شغلك اسمع الفيديو للآخر … وشاركه مع حدا ما بيعرف مين هو بدون عمله.⁩",75,"02/15/2026 08:01",https://www.instagram.com/reel/DUyTh0RiCUd/,"IG reel",,Lifetime,63442,41592,2245,571,73,46,611
17867324247475871,17841401519683378,moataz_mashal,"Moataz Mashal","اسمع الفيديو للآخر و شوف إذا عندك واحدة من هدول الأشياء؟!⁩

مش غلط إنه يهمك ولكن كتير غلط  إنه يكون هو الأهم عندك.",0,"02/16/2026 04:58",https://www.instagram.com/reel/DU0dLo_CGL-/,"IG reel",,Lifetime,45549,29241,1184,233,26,33,309
18165768343404603,17841401519683378,moataz_mashal,"Moataz Mashal","⁨	بتقارن بين مين كنت امس و مين صرت اليوم؟ هل في تحسن؟⁩",8,"02/17/2026 07:59",https://www.instagram.com/reel/DU3Ws5UiFdx/,"IG reel",,Lifetime,49514,27909,806,219,3,11,223
18191758615357622,17841401519683378,moataz_mashal,"Moataz Mashal","كل عام و كل أهلي و حبايبي بخير، رمضان كريم علينا جميعاً

انتظروا الاعلان و فتح باب التسجيل في دورة عيشها بوعي 2، دورة مجانية في شهر رمضان، سيتم فتح باب التسجيل خلال ايام تابعونا.",0,"02/18/2026 08:33",https://www.instagram.com/reel/DU5_WPYkymc/,"IG reel",,Lifetime,69308,42765,3170,908,152,643,536
18129477838469961,17841401519683378,moataz_mashal,"Moataz Mashal","⁨	⁨رمضان فرصة إنك عن جد تسأل حالك انت بمين رابط طمأنينتك وسلامك؟⁩

ترقبوا فتح باب التسجيل في دورة عيشها بوعي 2، دورة مجانية خلال شهر رمضان الكريم.",0,"02/19/2026 04:34",https://www.instagram.com/reel/DU8IuIeEwzz/,"IG reel",,Lifetime,42182,25435,1559,283,23,30,366
18055670147703393,17841401519683378,moataz_mashal,"Moataz Mashal","⁨	يا اخي خليه يتعود و يدلع 😀 

سيتم فتح باب التسجيل في دورة عيشها بوعي 2 المجانية قريباً جداً 

تابعونا💪⁩⁩ 

مين معنا بالدورة بإذن الله؟",0,"02/20/2026 08:40",https://www.instagram.com/reel/DU_JqkACOqh/,"IG reel",,Lifetime,43396,27638,1320,283,16,50,313
18069889217535857,17841401519683378,moataz_mashal,"Moataz Mashal","⁨	سجل الآن مجاناً من خلال الرابط في البايو ✨

حبايبي بسم الله العليم، تم فتح باب التسجيل في دورة “عيشها بوعي 2” المجانية خلال شهر رمضان المبارك 🌙

دورة علمية عملية أونلاين (بث مباشر) تُقام حصريًا خلال شهر رمضان، لنخوض معًا رحلة عميقة نعود فيها إلى أنفسنا بوعي، ونستثمر بركات هذا الشهر الفضيل بأفضل صورة ممكنة.

هذه فرصة حقيقية لكل من يريد أن يعيش رمضان بعمق مختلف، وفهم أوسع، وتطبيق عملي يلامس حياته اليومية.

لجميع التفاصيل وطريقة التسجيل، يرجى زيارة الرابط في البايو.

بانتظاركم جميعًا في البث المباشر 🤍

تبدأ أول حلقة الجمعة 27 فبراير – الموافق 10 رمضان بإذن الله⁩",0,"02/22/2026 09:13",https://www.instagram.com/reel/DVEW6ptiOnD/,"IG reel",,Lifetime,57511,35772,1601,1552,152,190,434
17867807448476459,17841401519683378,moataz_mashal,"Moataz Mashal","لا تفوت حضور دورة عيشها بوعي 2 المجانية 🤩

دورة علمية عملية على مدار شهر رمضان الكريم.🌙

لجميع التفاصيل عن الدورة و التسجيل الرجاء زيارة الرابط بالبايو 🔗

نتمنى أن نراكم جميعاً في البث المباشر للحلقات. 📡🔴",0,"02/23/2026 08:35",https://www.instagram.com/p/DVG3plRiPc0/,"IG image",,Lifetime,37343,18911,381,235,18,29,98
18055058633440979,17841401519683378,moataz_mashal,"Moataz Mashal","علق بكلمة ""سلام"" ليصلك ملف رائع عن هذا الموضوع.

السلام الداخلي أحد المواضيع التي سوف نتناولها في حلقات دورة ""عيشها بوعي2”  المجانية و التي تقام على مدار شهر رمضان الكريم 

لجميع التفاصيل عن الدورة و التسجيل يرجى زيارة الرابط بالبايو",0,"02/24/2026 04:45",https://www.instagram.com/reel/DVJCEzIk0f_/,"IG reel",,Lifetime,79757,46786,2616,540,44,1426,673
17982784877956077,17841401519683378,moataz_mashal,"Moataz Mashal","عمرك سالت حالك شو هو هدفك الاسمى عن جد في العلاقة اللي انت فيها هلأ؟

تم فتح باب التسجيل في دورة عيشها بوعي 2 المجانية، سارع بالتسجيل ليصلك رابط البث المباشر قبل موعد كل حلقة

رابط التسجيل في البايو 🔗",27,"02/25/2026 08:20",https://www.instagram.com/reel/DVL-UW0iHoX/,"IG reel",,Lifetime,48354,31052,1585,325,31,20,381
18044902403722001,17841401519683378,moataz_mashal,"Moataz Mashal","العلاقة الصحية ما بتخليك  تختفي…
بتكون فيها على طبيعتك، ومتشاف زي ما إنت 🤍

وما بتكون خايف من شو بدك تحكي،
ولا بتضل تفكر إذا الطرف التاني رح يتقبّلك أو لأ.

العلاقة الصح هي اللي بتحسسك بالأمان،
مش اللي بتخليك تراقب كل كلمة قبل ما تطلع منك.

ابعت الفيديو لحدا محتاج يسمع هالحكي اليوم.

حبايبي اليوم الحلقة الأولى من دورة عيشها بوعي 2، حكون في انتظاركم جميعاً في اللايف اليوم الساعة 11 مساءً بتوقيت الامارات.

كل الاشخاص اللي سجلت وصلكم رابط الحلقة على الايميل، إذا ما وصلكم شوفوا البريد المهمل junk or spam، و الي لسه ما سجلوا سارعوا بالتسجيل قبل موعد الحلقة اليوم الجمعة 27 فبراير / 10 رمضان⁩",79,"02/27/2026 05:02",https://www.instagram.com/reel/DVQyN4ikyck/,"IG reel",,Lifetime,67930,42021,1587,365,28,26,516
18313539976257479,17841401519683378,moataz_mashal,"Moataz Mashal","قديش عندك سلام بحياتك؟",0,"03/02/2026 08:44",https://www.instagram.com/reel/DVY6Lz4k-k7/,"IG reel",,Lifetime,52584,35290,1848,402,21,49,341
18332307997171461,17841401519683378,moataz_mashal,"Moataz Mashal","⁨	⁨	متى أكتر وقت بتتقرب فيه من الله ؟ 🤲",0,"03/03/2026 08:33",https://www.instagram.com/reel/DVbdulLCM7j/,"IG reel",,Lifetime,50347,33167,2279,395,16,42,329
18091463024112925,17841401519683378,moataz_mashal,"Moataz Mashal","⁨	حسيت بأي إشارة منهم قبل؟⁩",0,"03/04/2026 09:10",https://www.instagram.com/p/DVeG0RoE_UF/,"IG carousel",,Lifetime,124452,44222,1308,187,1,5,414
17865991809502831,17841401519683378,moataz_mashal,"Moataz Mashal","⁨	⁨	اسمع للآخر إذا أوقات بتحس إنك دايماً متأخر عن الناس اللي حولك؟ 

سارع بالتسجيل في دورة عيشها بوعي 2 المجانية، ليصلك رابط الحلقة الثالثة اللي رح تكون يوم الأحد 8 مارس، و اللي رح نتكلم فيها عن العلاقات و كيف تفهم نفسك و كيف تفهم شريك حياتك و اكثر بكتير ان شاء الله

رابط التسجيل موجود في البايو 💪",79,"03/06/2026 08:32",https://www.instagram.com/reel/DVjL5QbCEkw/,"IG reel",,Lifetime,47805,30480,1483,317,20,28,504
18090733010126926,17841401519683378,moataz_mashal,"Moataz Mashal","⁨	⁨	فن التعامل مع العلاقات السامة و المؤذية بحياتنا…⁩⁩

⁨	نلقاكم غداً بإذن الله في الحلقة الثالثة ""بث مباشر"" من دورة ""عيشها بوعي 2 "" المجانية خلال شهر رمضان.

لا تفوتوا الفرصة، وتذكروا موعد الحلقة غدًا الأحد 08 مارس / 19 رمضان في الأوقات التالية
الساعة 11 مساءً بتوقيت الإمارات.
الساعة 10 مساءً بتوقيت السعودية و الاردن
الساعة 9 مساءً بتوقيت مصر و فلسطين

لمزيد من التفاصيل وتسجيل الاشتراك قوموا بزيارة الرابط في البايو.

سجل الآن ليصلك رابط الحلقة...💪⁩",0,"03/07/2026 08:32",https://www.instagram.com/reel/DVlwmCgCMG8/,"IG reel",,Lifetime,40334,26956,1022,255,7,32,216
18070744472543390,17841401519683378,moataz_mashal,"Moataz Mashal","شارك الفيديو مع شخص لازم يسمع و يفهم هاد الحكي 👌",90,"03/08/2026 10:00",https://www.instagram.com/reel/DVoY4FaE2_o/,"IG reel",,Lifetime,40861,26025,1212,229,23,19,324
18024622907807524,17841401519683378,moataz_mashal,"Moataz Mashal","⁨	اطلق فضولك ، انظر حولك وتفكر، وتدبر ، و اعقلها…
ولا تتوقف عن التسائل",10,"03/09/2026 09:52",https://www.instagram.com/reel/DVq8lZXCDt0/,"IG reel",,Lifetime,29183,17425,438,59,3,6,83
17938448109159839,17841401519683378,moataz_mashal,"Moataz Mashal","⁨الخوف هو آلية دفاع، المخ بيفرضها علينا عشان يحمينا من أي خطر سواء كان شي جديد او شي مبرمج عنا بالفعل إنه خطر، لانه بدون الخوف ما رح يكون في حدود واضحة للخطر…⁩",30,"03/11/2026 09:36",https://www.instagram.com/reel/DVwEUZYiD1G/,"IG reel",,Lifetime,95944,69937,3611,587,429,46,884
17846699667679414,17841401519683378,moataz_mashal,"Moataz Mashal","يغفر الذنوب جميعاً …",0,"03/12/2026 09:33",https://www.instagram.com/reel/DVyoo3HCNsI/,"IG reel",,Lifetime,46116,28462,1431,188,27,25,370
17885012970462349,17841401519683378,moataz_mashal,"Moataz Mashal","كل شئ بيد الله، لا تقلق فإن الله معك",0,"03/13/2026 09:31",https://www.instagram.com/p/DV1NbGrCF6R/,"IG carousel",,Lifetime,137882,54095,1748,766,8,18,736
17960328864026863,17841401519683378,moataz_mashal,"Moataz Mashal","التوكل مش إنك تترك الأمور وتمشي…
التوكل إنك تتعب و تعمل اللي عليك، وتطمّن إن اللي جاي من الله خير.

وإيمانك يكون ثابت إن اللي بدك إياه… الله رح يعطيك إياه بطريقة أو بأخرى في الوقت المناسب 🤍",35,"03/14/2026 09:30",https://www.instagram.com/reel/DV3yHfWk1pF/,"IG reel",,Lifetime,50021,33433,1932,295,46,30,362
18113134321587819,17841401519683378,moataz_mashal,"Moataz Mashal","بتحس حالك دايماً مشغول ومش عارف ليش؟ اسمع الفيديو للآخر لتعرف و تفهم ليش عقلك بيقنعك إنك لازم تضلك مشغول",92,"03/15/2026 09:30",https://www.instagram.com/reel/DV6Wm91CBXI/,"IG reel",,Lifetime,54315,37218,1701,536,41,30,506
18041355359773425,17841401519683378,moataz_mashal,"Moataz Mashal","شاركها مع حدا محتاج يوقف شوي…",18,"03/16/2026 09:30",https://www.instagram.com/reel/DV87mEEiBob/,"IG reel",,Lifetime,42367,28687,957,149,5,15,208
18097589654069369,17841401519683378,moataz_mashal,"Moataz Mashal","كل فكرة معوقة إلها حل، أي صفة بتحس انها بتمنعك تتقدم، اكتبها على ورقة و ابدأ دور و اسال كيف اتخلص منها.

شاركنا ""شو الصفة اللي بدك تتخلص منه؟""",20,"03/17/2026 09:30",https://www.instagram.com/reel/DV_glSYly5j/,"IG reel",,Lifetime,119546,84091,3927,1059,388,30,1250
18074074139632251,17841401519683378,moataz_mashal,"Moataz Mashal","هل في آخر سنة تحسنت؟ هل تعلمت مهارة جديدة؟ ولا انت زي ما انت بالظبط؟!",0,"03/18/2026 09:31",https://www.instagram.com/reel/DWCFJBriM9Z/,"IG reel",,Lifetime,37666,25326,1087,161,13,8,250
18099414460756160,17841401519683378,moataz_mashal,"Moataz Mashal","كل عام و كل الأمة الإسلامية بخير، عيد مبارك عليكم و علينا 🤲🌙✨️💫",0,"03/19/2026 09:00",https://www.instagram.com/p/DWEmsm1iEKw/,"IG image",,Lifetime,61137,35922,595,8,0,26,13
18074737937177893,17841401519683378,moataz_mashal,"Moataz Mashal","اسمع الفيديو للآخر إذا انت داخل علاقة جديدة و بدك تكون علاقة حقيقة و تبني بيت و اسرة 👥",83,"03/24/2026 09:00",https://www.instagram.com/reel/DWRerJdhrqi/,"IG reel",,Lifetime,134550,84916,3003,1243,190,42,1393
18137592535443653,17841401519683378,moataz_mashal,"Moataz Mashal","ضامن بكرة بكل تفاصيله؟!

شو عم تستنى يصير بكرة لتاخد خطوة التغير اللي بدها تخليك في المكان الأفضل اللي ممكن تكون فيه بإذن الله؟⁩",39,"03/25/2026 09:00",https://www.instagram.com/reel/DWJwQmdhtyS/,"IG reel",,Lifetime,53256,37002,1525,258,15,24,277
18047418383737743,17841401519683378,moataz_mashal,"Moataz Mashal","بيجيك هاد الشعور؟",88,"03/26/2026 09:00",https://www.instagram.com/reel/DWWoQE9BdPN/,"IG reel",,Lifetime,88982,56727,2747,593,45,51,721
17890443747446170,17841401519683378,moataz_mashal,"Moataz Mashal","تخيل انه ربنا سبحانه و تعالى جعل فيها فوائد عديدة، لتحسين الصحة النفسية والجسدية حتى لو كانت مزيفة. ولسه في ناس بتحكي عنها إنها ضعف!",43,"03/27/2026 09:05",https://www.instagram.com/reel/DWZM8F-iKLA/,"IG reel",,Lifetime,80727,54681,2692,441,85,30,573
18172324309399815,17841401519683378,moataz_mashal,"Moataz Mashal","⁨	احكيها لنفسك و شاركها معنا بالتعليقات "" أنا كافي لليوم""⁩",0,"03/28/2026 08:59",https://www.instagram.com/p/DWbxw4XiAr7/,"IG carousel",,Lifetime,232590,90506,3021,937,10,11,1331
18095090036019194,17841401519683378,moataz_mashal,"Moataz Mashal","⁨	اسأل حالك شو هدفك "" إثبات وجود ولا إيجاد حلول؟""⁩",79,"03/29/2026 09:00",https://www.instagram.com/reel/DWeWq4PBRE5/,"IG reel",,Lifetime,40440,26941,995,182,16,11,199
18171273502401174,17841401519683378,moataz_mashal,"Moataz Mashal","⁨	تاج صحبك اللي مستحيل يصحى بدري😴⁩",0,"03/30/2026 09:01",https://www.instagram.com/reel/DWg7c0zgAwN/,"IG reel",,Lifetime,47003,31057,1157,233,11,21,279
18335508319170993,17841401519683378,moataz_mashal,"Moataz Mashal","""لما توقف قدّام مئات العيون، إنت مش بس بتشوف وجوه…
بتشوف أرواح، قصص، وأحلام عم تدوّر على شرارة تغيّر مسارها.

وهون بتفهم إن تأثيرك مش لحظة عابرة…
تأثيرك ممكن يكون نقطة تحوّل بحياة إنسان.

التأثير الحقيقي مش بالصوت العالي،
ولا بعدد الناس اللي بتسمعك…
التأثير الحقيقي بالكلمة اللي بتوصل للقلب،
وبالفكرة اللي بتزرع وعي،
وبالحضور اللي بيخلّي اللي قدامك يحس إنه مش لحاله.

كلنا عنا قدرة نأثّر…
ومش لازم تكون واقف على مسرح أو قدّام جمهور.
ممكن يكون تأثيرك بموقف بسيط بيومك…
بكلمة دعم، بنظرة تقدير،
أو حتى بصمت واعي بيحتوي غيرك.

يمكن إنت ما بتشوف أثرك مباشرة،
بس في ناس عم تتغيّر بسببك بدون ما تعرف،
وفي قرارات عم تنأخذ لأنك كنت سبب بإلهامها.
وفي قلوب بتشفى … لأنك كنت موجود بالوقت الصح.

فخلّي نيتك دايمًا إنك تترك أثر طيب، وخلّي يومك فيه مساحة تكون فيها سبب بتغيير حياة شخص…
حتى لو كان التغيير صغير، لأنه أحيانًا أصغر تأثير… هو اللي بيصنع أكبر فرق. ✨""",0,"03/31/2026 09:00",https://www.instagram.com/p/DWjgOn0iJOP/,"IG image",,Lifetime,137875,73437,638,18,1,17,102
18058948841450151,17841401519683378,moataz_mashal,"Moataz Mashal","أهمية الحدود في العلاقات، شارك الفيديو مع حدا محتاج يسمع و يفهم هاد الحكي",69,"04/01/2026 09:00",https://www.instagram.com/reel/DWmFEmyzEG9/,"IG reel",,Lifetime,39497,26354,1018,157,8,19,269
18578480725036450,17841401519683378,moataz_mashal,"Moataz Mashal","في عالم مليان ضجيج، مش كل إنجاز لازم يكون مسموع عشان يكون حقيقي.
أحيانًا أعظم إنجاز هو إنك تضل هادي من جوا، رغم كل اللي بيصير حولك.

إنك تكون واعي لنفسك، لمشاعرك، لاختياراتك… هذا مستوى عميق من القوة مش الكل بيقدر بيوصله.

الهدوء مش ضعف، الهدوء سيطرة واتزان، إنك ما تنساق مع كل موجة تمر بحياتك هاد بحد ذاته إنجاز.

وفي أشياء كتير بتصير بداخلك، بدون تصفيق، بدون إعلان… و ممكن ما حدا يعرف عنها بس بتكون بتغيّر كتير جواتك.

مش لازم إنجازك يكون مرئي، يكفي إنه حقيقي .",10,"04/02/2026 09:03",https://www.instagram.com/reel/DWop_4YEzxl/,"IG reel",,Lifetime,40309,25284,804,145,2,12,183
17959431576075512,17841401519683378,moataz_mashal,"Moataz Mashal","⁨	شو المشاعر المهمة بالنسبة إلك، اللي عن جد بتخليك تحس براحة و سعادة؟⁩",0,"04/03/2026 09:06",https://www.instagram.com/reel/DWrN1DcCFR7/,"IG reel",,Lifetime,80276,49312,2235,425,28,22,630
18077145653432504,17841401519683378,moataz_mashal,"Moataz Mashal","شاركها مع الشخص اللي لسه عم يستنى اللحظة المثالية 👌",0,"04/04/2026 09:00",https://www.instagram.com/p/DWtzaEbk_3l/,"IG carousel",,Lifetime,125677,45333,1674,779,7,14,771
17954564886176744,17841401519683378,moataz_mashal,"Moataz Mashal","أكيد وقت الضيق والمشاكل بنرجع لربنا، بنلجأ له من قلبنا، وبنحس بقربه أكتر من أي وقت.

بس الحقيقة الأجمل… إن علاقتنا مع الله ما تكون مرتبطة بس بالأزمات.

القرب من الله مش حل مؤقت، هو أسلوب حياة، هو سكينة بتمشي معنا بكل تفاصيل يومنا.

إنك تختار تكون قريب في وقت الراحة قبل الشدة، هذا هو الوعي الحقيقي.

لما تكون صلتك بالله مستمرة، بتصير الطمأنينة جزء منك، مش شي بتدور عليه وقت الحاجة.

بتصير أقوى، أهدى، وأوعى… لأنك متصل بمصدر السلام نفسه.

فخلّي رجوعك لله مش بس وقت الضيق، خلّيه اختيار يومي… علاقة دائمة، وقلب دايمًا حاضر معه 🤍",79,"04/05/2026 09:00",https://www.instagram.com/reel/DWwYMq0B4xN/,"IG reel",,Lifetime,52873,36907,2207,408,23,31,304
17918057589326453,17841401519683378,moataz_mashal,"Moataz Mashal","⁨	طاقتك النفسية و صبرك و قوة ايمانك أهم أشياء بتخليك تكمل و توصل للي بدك إياه، و الاهم هم اللي بيخلوك راضي خلال هاي الرحلة..⁩",35,"04/06/2026 09:00",https://www.instagram.com/reel/DWy8-D9B0kD/,"IG reel",,Lifetime,44982,30041,1577,291,35,20,326
18103167473491972,17841401519683378,moataz_mashal,"Moataz Mashal",".
لو بدك تعرف قيمة اللي بتعمله… شوف وجه الشخص اللي قدامك لما تبتسمله.

في ناس بتصحى الصبح وما في شي بيقولهم إنهم مهمين، وبتيجي أنت بابتسامة بسيطة أو كلمة ""صباح النور"" وكأنك عملت إشي كبير وأنت يمكن مش منتبه.

العطاء مش دايمًا مال… أحيانًا سؤال ""كيفك"" وأنت فعلًا مهتم، أو كلمة بتبين إنك شايف اللي قدامك.

العالم مش محتاج بس ناس ناجحين … محتاج ناس طيبين، ناس بيفرق معهم إذا اليوم كان صعب على غيرهم أو لا.

مش محتاج تعمل إشي كبير عشان تجبر بخاطر حدا… بس محتاج تكون حاضر بكلمة، بضحكة، بنظرة حنونة، بابتسامة فيها تفائل، أو بكلمة صادقة طالعة من قلبك.

الناس مش دايمًا بدهم أكتر… أحيانًا بدهم يحسوا إنهم مش لحالهم.

وأنت فيك تعطيهم هاد الشعور، بدون جهد كبير… فقط بإنسانيتك. 🌿",0,"04/07/2026 09:14",https://www.instagram.com/p/DW1jbg2CL7Q/,"IG image",,Lifetime,30080,15622,564,8,2,19,22
18100963484056226,17841401519683378,moataz_mashal,"Moataz Mashal","اعرف من وين المفروض تستمد تقديرك لشغلك …",0,"04/08/2026 09:14",https://www.instagram.com/reel/DW4H5vxCHEk/,"IG reel",,Lifetime,45674,29091,1401,257,34,16,319
18100641256786821,17841401519683378,moataz_mashal,"Moataz Mashal","تاج شريكك/ شريكتك و احكيله ""ممتن لوجودك في حياتي❤️""",10,"04/09/2026 09:00",https://www.instagram.com/reel/DW6rWmShjpE/,"IG reel",,Lifetime,105705,57350,1759,1782,34,25,741
17983136945817021,17841401519683378,moataz_mashal,"Moataz Mashal","⁨	شو الهدف اللي بيخليك تصحى كل يوم عشان تسعى لتوصله؟⁩",0,"04/10/2026 09:10",https://www.instagram.com/reel/DW9RLYSCKqZ/,"IG reel",,Lifetime,92606,62904,3370,825,269,34,860
17991170723958955,17841401519683378,moataz_mashal,"Moataz Mashal","⁨	رأيك مهم زي ما هو حتى لو ما عجب بعض الناس، ربنا سبحانه و تعالى خلقنا مختلفين، وخلقنا عنا مخ بيفكر و يحلل مش عشان نكون دايماً على نفس الرآي او نفس الصفحة، عادي تكون مختلف، عادي يكون تفكيرك و آرائك غيرهم واللي رح يحبك رح يتقبل كل شي منك. 

و تذكر ما دام رأيك ما بيخالف شرع الله و رسوله و ما بيأذي حدا، يبقى زي ما بيحكو اختلاف الرأي لا يفسد للود قضية… 

شارك البوست إذا لمسك 👌⁩",0,"04/11/2026 09:00",https://www.instagram.com/p/DW_0713iNED/,"IG carousel",,Lifetime,105084,36377,657,150,0,11,365
17980855970828814,17841401519683378,moataz_mashal,"Moataz Mashal","⁨	انت كيف بتتعامل مع الانتقاد معلومة بتشتغل عليها و تحسن من حالك، ولا خطر و تهديد بيقلقك⁩",77,"04/12/2026 09:00",https://www.instagram.com/reel/DXCZxMkhUvM/,"IG reel",,Lifetime,116877,81159,3546,1361,383,44,1297
18100741642795309,17841401519683378,moataz_mashal,"Moataz Mashal","متى آخر مرة سألت حالك "" أنا كيف حالي اليوم""؟",66,"04/13/2026 09:00",https://www.instagram.com/reel/DXE-kUChLlu/,"IG reel",,Lifetime,113650,84994,2744,825,312,34,789
17922045771319750,17841401519683378,moataz_mashal,"Moataz Mashal","الثقة مش شي بتنولد فيه.. 
هي شي بتبنيه كل يوم، قرار قرار، موقف موقف.

مصدرها مش إنك ما تخطأ، مصدرها إنك كل ما بتوقع، بتقوم شخص أقوى، أوعى، وأقرب لنفسك.

بتكبر لما تواجه خوفك بدون ضمان، ولما تمشي خطوة… وإنت مش متأكد منها، بس مؤمن بحالك.

وبتترسخ لما تبدأ توفي بوعودك لحالك، لأن أول شخص لازم يثق فيك.. هو أنت.

الثقة مش غرور، ومش صوت عالي، ولا صورة قوية قدام الناس، هي هدوء من جوا، إنك تكون عارف مين أنت، وين رايح، وليش.

ابنيها بالصبر، طورها بالتجارب، وحافظ عليها بإنك تبقى صادق مع نفسك.

لأن في النهاية، الناس ما رح تثق فيك لأنك قوي… رح تثق فيك لأنك ثابت.

وثباتك… بيبدأ من إيمانك بنفسك",0,"04/14/2026 08:59",https://www.instagram.com/p/DXHjOvdCEqv/,"IG image",,Lifetime,52967,28465,842,20,1,18,93
18118216303641991,17841401519683378,moataz_mashal,"Moataz Mashal","اعمل اللي عليك، و اترك كل إشي على الله، لأنه كل إشي هو بإيد رب الأسباب سبحانه وتعالى 🙏",93,"04/15/2026 09:00",https://www.instagram.com/reel/DXKIHCThdVK/,"IG reel",,Lifetime,47153,29837,1695,433,20,33,402
18356309182226473,17841401519683378,moataz_mashal,"Moataz Mashal","⁨	⁨اذا عندك هاد الصديق سويله تاج و احكيله "" شكراً من القلب🤍""⁩",10,"04/16/2026 09:01",https://www.instagram.com/reel/DXMs6gHE08K/,"IG reel",,Lifetime,128963,82219,3385,5075,61,93,886
17884376298482591,17841401519683378,moataz_mashal,"Moataz Mashal","كثير ناس بتتغير فقط بعد ألم، سواء كان ألم خسارة، أو مرض، أو صدمة.
كأن الألم هو اللي بيصحينا… غصب عنا.

بنكمّل ونسكت… لحد ما نوصل إنه ما عاد نقدر نتحمل.
وبيكون الخيار إما نتغير… أو ننكسر.

طب ليش نستنى الألم الشديد؟
ليش ما نصحى بوعينا مش بوجعنا؟

يمكن الوجع بيصحّي…
ولكن الوعي هو اللي بينقذك قبل ما توصل للألم.",0,"04/17/2026 09:07",https://www.instagram.com/reel/DXPSb5UCLS9/,"IG reel",,Lifetime,123751,83133,4381,996,466,47,1084
18097024685106069,17841401519683378,moataz_mashal,"Moataz Mashal","التربية مش دايمًا صراخ وعناد…
ممكن تكون تفاهم، هدوء، ونقاش.

مش لازم نأمر الطفل بكل شي… ممكن نعطيه خيارات بطريقة ذكية، عشان يتعلم يختار، يفهم، ويتحمّل.

حرية مقنّنة… مش فوضى، ولا سيطرة.

لأن الهدف مش طفل “مطيع” وبس…
الهدف شخصية تنبني صح، وثقة تكبر معه وهو حاسس إنه مسموع ومفهوم.

علق ب كلمة ""اختيار"" حيوصلك ملف فيه أمثلة بسيطة لكيف نحول الأوامر إلى خيارات بطريقة ذكية و بسيطة.",0,"04/18/2026 09:00",https://www.instagram.com/p/DXR2l8aiJLr/,"IG carousel",,Lifetime,113802,41565,985,879,19,98,532
18069970091660897,17841401519683378,moataz_mashal,"Moataz Mashal","⁨	العلاقة الصحية ما بتتطلب من طرف فيها إنه يختفي بتتطلب حضور الطرفين بالكامل⁩",0,"04/19/2026 08:58",https://www.instagram.com/reel/DXUbBjjiL0k/,"IG reel",,Lifetime,46377,28312,980,158,14,21,266
17908719528391509,17841401519683378,moataz_mashal,"Moataz Mashal","⁨	تعلم كيف تتحدى أي ضغوطات بحياتك…⁩",54,"04/20/2026 09:01",https://www.instagram.com/reel/DXXAtHCBP6r/,"IG reel",,Lifetime,93094,63988,3847,1230,115,54,794
18200639206345269,17841401519683378,moataz_mashal,"Moataz Mashal",".
أخطر مكان ممكن تعيش فيه… مش الماضي، ولا المستقبل…
المكان اللي أنت فيه هلأ بس مش حاضر فيه.

لما تكون قاعد مع ناس بتحبهم… بس عقلك بمكان ثاني، لما تمرّ أيامك… وما تحس فيها، لما تخلص يومك… وما تتذكر منه إشي.

المشكلة مش إنك مشغول… المشكلة إنك غايب.
غايب عن لحظات ممكن تكون أجمل من كل اللي بتلاحقه، غايب عن ناس يمكن بكرا ما يكونوا موجودين، وغايب عن نفسك… اللي عم تستناك ترجع.

الحياة ما بتنسرق منا مرة وحدة… بتنسرق بالتدريج، لحظة ورا لحظة… وإحنا مش منتبهين.

يمكن ما تحتاج تغيّر كل شي… بس محتاج ترجع تحس، ترجع تنتبه، ترجع تعيش اللحظات بحلوها ومرها، تعيش تفاصيل اليوم مع الناس اللي بتحبهم …. تستمتع باللحظة حتى مع حالك.

لأنه بالنهاية… أجمل اللحظات ما بترجع.
وأسوأ شعور… إنك تكتشف أنك كنت موجود… بس مش عايش.",0,"04/21/2026 09:04",https://www.instagram.com/p/DXZlZCZjTjU/,"IG image",,Lifetime,61200,32150,847,24,2,27,37
18097142792012661,17841401519683378,moataz_mashal,"Moataz Mashal","نفس عن غضبك بطريقة صحيحة 👌",0,"04/22/2026 09:00",https://www.instagram.com/reel/DXcJe6ECAsu/,"IG reel",,Lifetime,67060,42645,2509,957,47,32,668
18084025283077465,17841401519683378,moataz_mashal,"Moataz Mashal","البدايات كُتبت وانتهت، مهما رجعت لها، ما رح تتغيّر.
لكن النهاية… لسه بإيدك.

كم مرة وقفت عند نفس النقطة؟
تلوم، تندم، تعيد نفس السؤال: ""ليش صار هيك؟"" وكأنك تنتظر جواب يغيّر الماضي… بس الحقيقة؟ الماضي ما بيتغير، أنت اللي بتتغير.

قوتك مش في إنك تصلّح اللي فات، قوتك في إنك ما تسمح له يحدد اللي جاي.

مش مطلوب منك تمحي الألم، ولا تتجاهل التجربة، المطلوب إنك تستخدمها… تبني منها وعي، وقرار، واتجاه جديد.

في ناس بتضيع عمرها تحاول تفهم البداية، وفي ناس بتصنع نهاية تخلي كل اللي مرّ كان يستاهل.

اسأل نفسك:
هل أنا عايش عشان أفسّر الماضي؟
ولا عشان أخلق مستقبل مختلف؟

ابدأ من مكانك… حتى لو متأخر، حتى لو تعبان، حتى لو مش واضح الطريق.
كل خطوة واعية اليوم… بتعيد كتابة النهاية.

لا ترهق نفسك بمحاولة تغيير بداية مضت… ابذل جهدك في صناعة نهاية تليق بك.

النهاية اللي تخلّيك تقول:
""كل اللي صار… كان طريق ما كان صدفة."" ✨⁩",5,"04/23/2026 09:01",https://www.instagram.com/reel/DXeug8zCOhh/,"IG reel",,Lifetime,50610,29596,867,111,2,5,185
18043043018785092,17841401519683378,moataz_mashal,"Moataz Mashal","⁨	خطوات بسيطة لاتخاذ أي قرار مصيري بحياتك⁩…",70,"04/24/2026 09:05",https://www.instagram.com/reel/DXhT5P8h8_n/,"IG reel",,Lifetime,48277,28833,1460,405,11,23,490
17944958967180677,17841401519683378,moataz_mashal,"Moataz Mashal","⁨الفرق بين الرضا و الاستسلام… شاركها مع حدا ممكن يستفيد منها⁩",0,"04/25/2026 09:02",https://www.instagram.com/p/DXj4U6FCE35/,"IG carousel",,Lifetime,92806,34153,718,181,3,4,325
18101108044802795,17841401519683378,moataz_mashal,"Moataz Mashal","⁨	صلاتك عادة ولا خشوع و عبادة؟!⁩",0,"04/26/2026 09:02",https://www.instagram.com/reel/DXmc5XZiGVA/,"IG reel",,Lifetime,70524,45980,3591,1227,76,59,543
17994270797947589,17841401519683378,moataz_mashal,"Moataz Mashal","اسمع للآخر لتعرف إذا أنت في علاقة صحية",0,"04/27/2026 09:01",https://www.instagram.com/reel/DXpBqbLCCaF/,"IG reel",,Lifetime,49854,31620,1332,397,14,17,343
17880385641560332,17841401519683378,moataz_mashal,"Moataz Mashal","⁨	⁨أكثر من 10 سنين، ولسه بيكون عندي توتر… وهذا طبيعي.

قبل ما أطلع على أي مسرح…سواء إيفينت مدعو عليه، أو حتى في دوراتنا اللي بنسويها…

بيمر علي لحظات توتر، قلق، نبض أعلى من المعتاد، وصوت جواي بيهمس: هل رح تمشي زي ما بدي؟

زمان كنت بفكر إن إذا عندي ثقة ما رح تجيني هاي المشاعر ... بس الحقيقة الثقة مش إنك ما تتوتر… الثقة إنك ما تتجمّد لما تتوتر.

هاد الشعور نفسه اللي بيجي لأي حدا في مواقف مختلفة زي
قبل ما يحكي رأيه قدام الناس، أو اجتماع مهم، أو رسالة بدك تبعتها و مأجلها من زمان، أو خطوة لشي جديد ...

واللي تعلّمته مع الوقت، إنك مش لازم تكون مرتاح عشان تكون جاهز، ومش لازم تسيطر على هاي المشاعر… عشان تتحرّك.

أشياء بسيطة ممكن تسويها لما يجيك هاد الشعور وانا دايما بسويها قبل أي دورة

*خذ نفس عميق… وطوّل الزفير
*أحكي لحالك: أنا جاهز كفاية… حتى لو مش كامل
*ركز على أول دقيقة بس… مش كل الصورة
*وأرجع لهدفك، وذكر نفسك أنت ليش هون، ليش بتاخد هاي الخطوة

واعرف إنك مش لحالك كلنا بيصير معنا هيك، والمرة الجاية جرب هاي الخطوات و رح تفرق معك بإذن الله.

هاي الصورة كانت في تيدكس عمان في المدرج الرماني قبل ما أطلع على المسرح قدام أكثر من 3000 شخص.⁩⁩",0,"04/28/2026 08:58",https://www.instagram.com/p/DXrliVWCGic/,"IG image",,Lifetime,49306,27608,543,6,1,11,41
18143127184499398,17841401519683378,moataz_mashal,"Moataz Mashal","⁨	استمتع بانجازاتك قبل ما تدور على هدف جديد⁩",0,"04/29/2026 09:03",https://www.instagram.com/reel/DXuLcQjCAds/,"IG reel",,Lifetime,33972,21739,1042,141,8,14,209
17853743817659701,17841401519683378,moataz_mashal,"Moataz Mashal","⁨من أعظم الأشياء اللي ممكن تمنحها للأشخاص المهمين بحياتك إنك تقدرهم و تحسسهم بمكانتهم عندك 🤍🌹

تاج شخصك المفضل او شارك الفيديو معه 🤗",10,"04/30/2026 09:12",https://www.instagram.com/reel/DXwxYfsoW5t/,"IG reel",,Lifetime,77347,47427,1356,1402,7,42,356
17911916037379217,17841401519683378,moataz_mashal,"Moataz Mashal","كل شخص فينا عنده أكثر من لماذا بداخله، ""لماذا"" بدك شغل أفضل، ""لماذا"" بدك جسم أحسن، ""لماذا"" بدك أطفال أكثر، ""لماذا"" بدك مصاري أكتر، ""لماذا"" بدك تنجح في شغلة معينة... 

ولكن كل هدول في ""لماذا""  واحدة رئيسية بتحركهم و بتقودك و هاي هي ال ""لماذا"" اللي لازم تعرفها عشان تكون مرتاح و تمشي في الطريق الصحيح.

شاهد الخطاب كامل على اليوتيوب قناة @ted ، الرابط بالبايو",28,"05/01/2026 09:21",https://www.instagram.com/reel/DXzXNmbzoCk/,"IG reel",,Lifetime,36950,23867,963,136,13,7,213
18135820243535567,17841401519683378,moataz_mashal,"Moataz Mashal","⁨	بتعرف اجابة السؤال اللي بآخر سلايد؟⁩",0,"05/02/2026 09:05",https://www.instagram.com/p/DX16RURCHyc/,"IG carousel",,Lifetime,83303,29993,681,276,2,16,409
18409738255179338,17841401519683378,moataz_mashal,"Moataz Mashal","ما تفكر كتير اكتب اول شغلة اجت على بالك و شاركنا اياها في التعليقات “شغلة واحدة بس عن نفسك بعيد عن شغلك؟ “",0,"05/03/2026 08:57",https://www.instagram.com/reel/DX4d84TIYcp/,"IG reel",,Lifetime,56418,37938,1595,429,37,29,411
18065470238354179,17841401519683378,moataz_mashal,"Moataz Mashal","⁨	⁨هم عن جد سابقين ولا أنت اللي بدك تكون في سباق مش لألك؟!⁩⁩",74,"05/04/2026 08:57",https://www.instagram.com/reel/DX7CeszIZ-z/,"IG reel",,Lifetime,60020,40974,1504,260,24,18,342
18064079069502646,17841401519683378,moataz_mashal,"Moataz Mashal","في فترة من حياتي كنت مفكر إن القوة يعني تضل مكمل…
ترد على الكل، تتحمل، تنجز، وتبين دايماً إنك تمام.

كنت بعطي من وقتي، من طاقتي، من هدوئي… وأحيانًا من قلبي.
و ما كنت بلاقي لحظة ابعد فيها شوي عن الصوت، عن الركض، عن الرسائل، عن كل شي بيخليني مشغول.

لحد ما فهمت إن الإنسان ممكن يكون محاط بكل شي، وبنفس الوقت بعيد عن نفسه.

فصرت أتعلم آخذ لحظات بسيطة إلي، أقعد في هدوء، أتنفّس، أسمع اللي جوّاتي ، وأذكر حالي إني مش لازم أكون قوي طول الوقت.

في لحظات الصمت هاي فهمت أشياء كثيرة عني…
فهمت إني ما كنت محتاج أكون متاح دائمًا، ولا محتاج أرضي الكل، كنت محتاج ما أخسر حالي وأنا بحاول ما أزعل حدا.

يمكن الحياة ما بتعطينا دايمًا مساحة نرتاح، بس إحنا لازم نتعلم نخلق هاي المساحة.

لأن أحيانًا، أبسط لحظة هدوء هي اللي بتشحن طاقتك مرة تانيه لتقدر تكمل.",0,"05/05/2026 09:05",https://www.instagram.com/p/DX9orLyCtfr/,"IG image",,Lifetime,102508,55684,1597,112,21,42,408
18084414857090245,17841401519683378,moataz_mashal,"Moataz Mashal","بتعاني من التشتت!

 اسمع الفيديو للآخر لتعرف كيف ممكن تتخلص منه بطريقة سهلة⁩",92,"05/06/2026 09:00",https://www.instagram.com/reel/DYAM0ZKTnie/,"IG reel",,Lifetime,38360,24157,1252,426,19,23,353
18118372495663603,17841401519683378,moataz_mashal,"Moataz Mashal","حين تستطيع أن تأخذ ما ليس لك… ولا تأخذ.

حين تستطيع أن تكذب وتنقذ صورتك… ولا تكذب.

حين تستطيع أن تستغل ضعف أحد… ولا تستغل.

حين تستطيع أن تظلم … وتختار ألا تظلم..

ليست النزاهة أن تبتعد عن الخطأ لأن الطريق مراقب، بل أن تبتعد عنه حتى لو كان الطريق خالياً

الضمير الحقيقي هو أن تكون أنت الشاهد على نفسك…

حتى عندما لا يشهد عليك أحد.⁩",3,"05/07/2026 09:00",https://www.instagram.com/reel/DYCxoWdBsjn/,"IG reel",,Lifetime,94937,49523,1518,132,3,24,260
18584336392008464,17841401519683378,moataz_mashal,"Moataz Mashal","من اجمل ما سمعت عن التربية 

دورنا كأهل إننا نسوي اللي علينا و نحط البذرة الصح، و لكن النتيجة مش مسؤوليتنا.",44,"05/08/2026 09:05",https://www.instagram.com/reel/DYFW-GhBCPL/,"IG reel",,Lifetime,425334,303856,16336,13740,2039,153,4501
17849528373697035,17841401519683378,moataz_mashal,"Moataz Mashal","⁨	الطريق المريح مش دايماً بيكون الطريق الصحيح⁩",63,"05/10/2026 09:00",https://www.instagram.com/reel/DYKgB3-BbOo/,"IG reel",,Lifetime,53798,33961,1540,295,16,20,401
17871872865656329,17841401519683378,moataz_mashal,"Moataz Mashal","ربنا بيختارك الي أنت محتاجه الآن في حياتك لتتعلم درس معين، لتتقرب من شخص أو تبعد عن شخص، لتعرف أنت عالطريق الصح أو الغلط، لو بتتقرب منه ولا بتبعد، لو عنجد أنت ""مؤمن"" وبتستحق كرامات ودلال المؤمن، ولا أنت بس بتكرر كلمات دون معنى حقيقي زي كلمة ""الحمد لله"". 

مستحيل ربنا يخذلك، مستحيل.",0,"05/11/2026 09:57",https://www.instagram.com/reel/DYNLLi6qQJ8/,"IG reel",,Lifetime,76255,53178,3138,710,57,34,604
18102962746806043,17841401519683378,moataz_mashal,"Moataz Mashal","في ناس بتسمع عشان ترد.
وفي ناس بتسمع عشان تدافع عن نفسها.
وفي ناس بتسمع وهي من جوّا مستعجلة تخلص الحوار.
⁨	
في فرق كبير بين إنك تسمع شخص، وبين إنك تنصت له.

الاستماع أحيانًا بيكون بالأذن، بس الإنصات بيكون بالقلب.

إنك تكون حاضر مع اللي قدامك، مش بس تسمع كلماته… تسمع اللي ورا الكلمات.

تنتبه لنبرة صوته، للسكتة اللي بين الجمل، للشي اللي حاول يحكيه وما عرف، وللوجع اللي يمكن غطّاه بابتسامة بسيطة.

مش كل شخص بيحكي معك بده نصيحة. ومش كل فضفضة محتاجة حل، ومش كل صمت معناه إنه خلص كلام.

أحيانًا اللي قدامك بيكون محتاج رد.
وأحيانًا بيكون محتاج مساعدة حقيقية.
وأحيانًا… كل اللي محتاجه إنك تكون موجود.
تسمعه بعناية، تخليه يحس إنه مش لحاله، وإن مشاعره إلها مكان آمن عندك.

بس الإنصات الحقيقي إنك تسأل حالك:
الشخص اللي قدامي… شو محتاج مني هلأ؟

لأن في وجع ما بدّه تحليل… بدّه حضن معنوي.
وفي تعب ما بدّه نصيحة… بدّه وجود.
وفي كلام ما بدّه مقاطعة… بدّه أمان.

أحيانًا أعظم دعم بتقدمه لإنسان، مش إنك تعطيه جواب ذكي، ولا حل مثالي، ولا كلام كثير.

أحيانًا أعظم دعم، إنك تخليه يطلع اللي بقلبه، وهو حاسس إنك سامعه بصدق.

مش دايمًا لازم تسمع عشان ترد، أحيانًا لازم تنصت عشان تفهم.⁩",0,"05/12/2026 08:57",https://www.instagram.com/p/DYPo0CGqI2b/,"IG image",,Lifetime,55098,29761,497,18,0,6,53
17987640081002784,17841401519683378,moataz_mashal,"Moataz Mashal","⁨	شايل كل شي لحالك؟! 
وقف و ابدأ اطلب المساعدة من شريك حياتك…⁩",80,"05/13/2026 09:00",https://www.instagram.com/reel/DYSOaeZBWCb/,"IG reel",,Lifetime,47578,30922,1311,328,14,17,355
17858340222650241,17841401519683378,moataz_mashal,"Moataz Mashal","بتضل تلفّ حوالين نفس الفكرة، تعيدها بعقلك من كل زاوية

“طب لو صار هيك؟”
“طب لو غلطت؟”
“طب لو اخترت الطريق الغلط؟”

وبتحس إنك عم تشتغل على الموضوع، بس بالحقيقة إنت عم تستهلك حالك جوا الموضوع.

لأن في نوع تفكير مش هدفه يخليك توصل لقرار، هدفه يخلّيك بعيد عن لحظة القرار.

الدماغ لما يخاف من الخطوة، ما بيحكيلك: “أنا خايف.”
بيحكيلك: “استنى شوي… فكّر أكثر.”

فبتصير التحليلات شكلها وعي، والتردد شكله حكمة، والتأجيل شكله حرص.

بس الحقيقة؟

إنت مش دايمًا محتاج معلومة زيادة.
أحيانًا إنت محتاج شجاعة أقل من المثالية، وحركة صغيرة تكسر الدائرة.

جرّبها اليوم:
تنفس 3 مرات ببطء.
اكتب الشغلة اللي برأسك وعم تفكر فيها.

اسأل حالك:
“شو أصغر خطوة ممكن أعملها في هاد الموضوع خلال 10 دقايق؟”

ما بدك خطوة تغيّر حياتك، بدك خطوة صغيرة تثبت لعقلك إنك مش عالق و تكسر فيها دوامة التفكير اللي ما بتنتهي.

ابعت الرسالة.
افتح الملف.
احكي الكلمة.
ابدأ أول 5 دقايق.
اختار موعد.
اطلب المساعدة.

أياً كان الشي سوي اول و أصغر خطوة فيه
لأن الخروج من التفكير الزائد مش بيصير بفكرة أذكى، بيصير بحركة أبسط.

مش كل تفكير وعي، بعضه هروب مرتب.

والقرار اللي بتأجله كل يوم، غالبًا مش محتاج وضوح أكثر، محتاج إنك تتحرك رغم عدم اكتمال الوضوح.⁩⁩",0,"05/14/2026 09:04",https://www.instagram.com/reel/DYUzmtxqI6w/,"IG reel",,Lifetime,62251,35746,588,130,4,9,305
17874720234478160,17841401519683378,moataz_mashal,"Moataz Mashal","⁨	اشكر الله على كل نعمة في حياتك ولو كنت مفكرها صغيرة

اشكره و شوف كيف عطائه رح يكون..⁩",26,"05/15/2026 09:10",https://www.instagram.com/reel/DYXZGXthJtl/,"IG reel",,Lifetime,77650,55852,3028,685,95,42,459
17991346340794735,17841401519683378,moataz_mashal,"Moataz Mashal","⁨	عمرك فكرت انه ممكن غلطة واحدة منك تدمر طفلك طول عمره؟ 

اقرأ للآخر⁩",0,"05/16/2026 09:48",https://www.instagram.com/p/DYaCSh5Ci77/,"IG carousel",,Lifetime,89450,30498,396,102,1,0,198
18177815974393048,17841401519683378,moataz_mashal,"Moataz Mashal","⁨	هاي مش شطارة ولا ذكاء اجتماعي هاد تشتت و ضياع⁩",0,"05/18/2026 08:58",https://www.instagram.com/reel/DYfF9QxqcU_/,"IG reel",,Lifetime,47241,30088,1367,303,14,26,411
18173930101410305,17841401519683378,moataz_mashal,"Moataz Mashal","جيلنا عنده إجابة لكل سؤال.

أي معلومة بدك إياها؟
ثواني وبتوصل.

غوغل.
يوتيوب.
بودكاست.
ريلز.
شات جي بي تي.

بنعرف كيف نعتني بصحتنا، بس بنؤذي حالنا كل يوم.

بنعرف إنه النوم مهم، بس بنهرب للشاشة.

بنعرف إنه المقارنة بتدمرنا، ومع هيك بنقارن حياتنا بحياة غيرنا. 

بنعرف كثير.

لدرجة صرنا نحسب المعرفة إنجاز.

بس المشكلة عمرها ما كانت نقص معلومات.

المشكلة إننا خلطنا بين المعرفة والفهم.

المعرفة بتخليك تشرح. 
الفهم بيخليك تتصرف.

المعرفة بتعطيك شعور مؤقت إنك تطورت.
الفهم بيغيّر طريقة عيشك فعلًا.

كم فكرة حفظتها…
وما غيّرت فيك أي شيء؟

كم مرة حسّيت إنك “وعيت”…
بس رجعت لنفس العادات بعد ساعات؟

هاي هي الفجوة اللي بتاكل جيل كامل.

لأن الإنسان ما بيتغيّر لما يعرف أكثر.
بيتغيّر لما يفهم نفسه أكثر.

يفهم ليش يهرب.
ليش يأجل.
ليش يعيد نفس الأذى وهو واعي عليه.

أحيانًا الشخص اللي بيعرف أقل…
بس فاهم نفسه، بيعرف يعيش أحسن من شخص حافظ ألف فكرة عن الحياة.

لأن الفهم يقود لقرار.

أما المعرفة بدون فعل؟

فمجرد ضجيج…
يعطيك وهم إنك عم تتحرك، بينما أنت واقف مكانك.",0,"05/19/2026 09:08",https://www.instagram.com/p/DYhsI2HqTqE/,"IG image",,Lifetime,84756,43590,486,21,1,13,37
17897126865456244,17841401519683378,moataz_mashal,"Moataz Mashal","تخلص من هاي العادة للحفاظ على علاقة ناجحة",0,"05/20/2026 09:05",https://www.instagram.com/reel/DYkQNEqqLWJ/,"IG reel",,Lifetime,55043,34707,1302,495,25,7,472
18130088386587559,17841401519683378,moataz_mashal,"Moataz Mashal","الصمت في العلاقة أخطر من الخناق، غياب المشاكل لا يعني انه العلاقة بخير.. اقرأ للآخر لتعرف كيف تحافظ على علاقة حية و صحية",0,"05/22/2026 11:04",https://www.instagram.com/p/DYpnulOgFu0/,"IG carousel",,Lifetime,184397,71422,997,813,3,2,1229
18131900119574467,17841401519683378,moataz_mashal,"Moataz Mashal","طريقة السؤال والحوار بتفرق كتير بالعلاقة بينك و بين طفلك. 👧🧒",51,"05/23/2026 09:02",https://www.instagram.com/reel/DYsAFgthpxq/,"IG reel",,Lifetime,61604,44706,1709,921,108,15,645
18584410459033327,17841401519683378,moataz_mashal,"Moataz Mashal","⁨	اي شي بتخاف منه، بعدك عنه عمره ما كان الحل..⁩",0,"05/24/2026 08:59",https://www.instagram.com/reel/DYui26SqQ8-/,"IG reel",,Lifetime,28700,17581,954,209,8,17,314
18209547808314877,17841401519683378,moataz_mashal,"Moataz Mashal","شو أقوى وأهم وأحسن درس اتعلمتو في سنة ٢٠٢٥؟ وكيف حتستفيد منه في السنة القادمة بإذن الله؟ 💪💪",0,"01/01/2026 07:52",https://www.instagram.com/p/DS-Ul1xk6gQ/,"IG image",,Lifetime,62982,33787,658,6,2,29,10
